Year,Month,Date,Rent,Mortgage,Food,Water,Electricity,EMI,Utilities
2023,November,6,10401.61,63241.17,9408,124.13,5683.09,7682.13,2696
2023,January,1,22985.31,48184.43,1820,572.78,6064.89,1869.51,4307
2024,September,14,33921.26,50310.04,9746,491.02,9581.08,1210.54,1675
2023,May,28,47344.48,96930.91,9700,121.3,7758.84,1873.24,1111
2023,March,25,39433.03,66356.97,3169,150.92,6756.7,17437.73,4632
2023,November,8,36996.84,65006.01,2142,248.03,6674.91,7011.89,961
2023,December,13,22171.2,73256.84,6342,296.37,1542.74,14126.77,4818
2024,June,7,39961.92,11580.58,9150,877.04,2193.71,3743.94,3455
2023,November,10,38785.27,92649.55,4193,821.07,2838.98,2983.55,3981
2024,April,29,15618.69,82427.56,4572,696.7,6274.31,3044.27,1447
2024,March,8,14445.33,61149.66,168,673.28,2368.5,8182.4,2388
2024,March,11,19385.24,98860.6,7523,223.22,8131.67,17473.66,3930
2023,February,10,42926.09,84082.72,6163,559.29,9792.01,14048.75,3275
2024,November,8,32494.9,81563.44,6821,603.98,7061.17,9905.43,1281
2024,April,27,36270.53,84382.2,3909,528.01,8444.12,16685.46,2512
2024,December,12,38982.16,22716.0,4925,332.17,5309.76,6881.65,4316
2023,January,15,28247.29,39490.05,5687,297.28,9518.82,8079.14,4879
2023,November,8,5601.71,53150.05,529,293.25,2410.63,10513.91,716
2024,July,14,31365.81,79252.62,1438,696.46,9293.64,19512.54,4365
2023,August,29,43509.92,19223.92,6112,170.08,4829.11,10769.83,4521
2023,June,23,29135.16,48020.15,27,206.1,7594.34,6307.78,4241
2024,September,29,18306.76,74985.91,4772,804.45,4390.97,16177.66,4110
2023,January,7,43190.63,36742.22,5024,710.2,9627.31,1444.4,4775
2024,August,2,28190.11,82518.39,4758,995.83,2582.77,6742.1,4372
2023,April,4,43850.69,20636.16,7426,123.55,713.77,18587.22,2065
2024,July,11,26160.58,86442.85,321,772.97,9511.76,17596.82,3527
2023,March,14,31638.06,77582.65,6137,492.63,7040.76,18198.52,1701
2024,November,8,6441.9,42338.43,7070,213.57,434.59,6305.65,4681
2024,June,23,38968.91,13350.09,8684,481.91,4863.36,7832.48,2128
2023,October,22,27243.54,41971.42,6653,529.62,7314.05,2495.83,334
2023,June,8,10491.59,73458.38,78,459.29,6472.12,6918.01,1441
2024,July,6,40012.75,80469.05,3185,123.14,9231.03,11309.5,1115
2024,April,6,36773.89,11926.43,2353,885.12,8563.67,18960.1,1772
2024,August,11,33179.89,16642.62,3819,853.11,370.29,16810.41,3077
2023,September,6,3715.96,41393.04,9441,983.36,3749.58,17935.94,4230
2023,September,19,11330.64,81748.04,8852,355.62,3107.12,1620.59,2141
2024,May,9,8293.17,18147.19,8033,139.68,4962.24,9364.23,3847
2023,December,15,18979.94,17050.94,7616,997.27,2387.66,16312.61,1423
2024,December,15,37005.66,28879.84,9611,553.12,3277.49,11085.65,3838
2023,May,28,18221.74,21387.42,843,505.94,4333.37,19327.73,3698
2024,September,14,48904.37,31282.68,5472,774.8,6065.97,9587.96,1647
2023,October,22,17572.18,40652.33,3136,821.08,4642.64,13383.55,214
2024,April,16,12555.23,72915.7,2156,149.82,2835.23,5900.04,4405
2024,September,10,580.33,17198.91,4202,736.68,1047.75,8582.48,2771
2023,August,16,48968.92,24412.57,5534,624.08,5624.25,1134.07,2601
2024,July,25,38316.39,88608.61,4054,444.61,2468.4,3734.12,3456
2024,June,24,23125.11,51295.16,1148,814.42,3365.28,6197.98,4847
2024,May,18,28031.47,32013.93,5203,851.73,5184.56,6959.46,2898
2023,May,29,49816.65,62361.15,3192,727.42,2725.05,7481.62,1693
2024,March,18,45508.4,28770.37,7864,321.38,2670.05,19700.98,3774
2024,July,1,3685.87,49466.55,1601,255.35,9701.75,630.76,3427
2023,April,3,5166.57,84892.56,5884,412.86,2169.11,13122.65,4671
2023,May,18,17917.85,98792.56,7663,539.33,5220.33,9746.46,4178
2024,May,28,2561.55,80234.48,745,171.46,8699.59,16614.44,378
2023,September,22,28995.02,50192.64,9592,482.92,9547.06,5573.84,4685
2023,September,23,35125.82,58389.96,71,233.25,1640.71,4992.73,2316
2023,July,14,27470.04,45674.58,8432,282.77,8334.95,3943.36,2234
2024,July,6,33029.37,89031.96,8495,521.79,4150.17,2911.0,1209
2024,October,24,30590.16,41591.5,6613,758.58,1020.28,17467.82,548
2024,July,12,9408.04,69677.53,8106,130.8,2652.65,8174.29,2056
2024,April,24,26398.89,11542.7,7704,662.23,3652.83,3788.29,3442
2023,May,14,7394.28,98132.59,501,894.4,483.06,10753.57,514
2024,March,18,3605.94,71936.73,8974,188.16,2964.1,3959.13,4086
2024,December,12,1184.72,47677.26,8354,957.48,2134.27,17335.39,3429
2023,December,7,16027.26,65173.39,5581,768.97,9758.03,17069.46,2674
2024,January,30,29101.07,28849.53,7304,481.91,2248.0,8059.24,1242
2023,April,23,31910.45,40462.57,4911,669.77,1449.78,11329.32,2721
2023,August,7,41163.52,20359.67,6825,275.25,247.17,13348.56,1206
2023,April,5,29051.88,52365.1,1691,445.03,6544.03,12842.49,293
2023,May,28,6582.53,98214.74,5185,614.16,1942.48,3060.1,163
2023,May,29,38909.15,40739.68,9936,572.7,3768.36,7552.67,3481
2023,November,4,17232.93,68856.19,8872,635.36,1865.94,9492.76,320
2023,October,30,46357.61,87619.14,2140,455.62,5432.51,14510.33,2956
2023,February,2,6099.84,59929.14,2811,308.95,1754.27,11681.95,2145
2024,February,6,40745.46,77189.82,2069,183.6,3341.0,9499.63,469
2023,May,17,8598.41,28595.12,6125,920.68,8966.69,6533.8,3778
2023,December,10,10768.73,41596.85,4325,472.88,5990.22,7804.15,2466
2023,January,21,17772.25,25768.97,7457,366.6,9087.87,3982.26,3726
2024,February,11,32788.63,37458.39,5712,304.16,8077.41,15108.54,1719
2024,July,27,10977.66,86895.09,3263,385.82,9139.13,17303.22,3870
2024,June,8,22803.27,20221.44,4583,186.95,1783.74,93.35,833
2024,September,22,41735.43,46212.27,4291,916.4,1663.45,8808.59,2945
2023,May,23,21505.23,25895.55,8554,866.13,7797.87,17623.07,1888
2024,October,25,580.11,20398.31,1198,243.91,7998.95,620.5,2596
2024,May,13,41570.0,12471.74,8418,358.81,7664.28,19303.0,2265
2023,November,6,13227.34,13612.24,6554,989.35,9486.26,13965.54,4401
2023,August,2,47656.55,15956.84,1989,668.32,8825.75,11100.35,686
2024,November,26,10647.85,97493.97,72,812.56,4644.44,6701.29,2777
2024,April,22,8897.2,62435.4,9985,819.17,9532.82,1121.79,1566
2023,September,2,3038.8,47398.82,4904,752.88,5079.04,5198.31,1607
2023,August,24,44072.65,49087.63,5953,261.1,8383.25,11846.22,4196
2024,August,21,41687.01,81990.44,1264,232.56,4303.74,13980.81,3232
2024,July,17,39311.71,87533.34,2273,637.89,601.74,14993.76,827
2024,June,29,7753.74,74414.24,7649,795.6,8294.64,9699.32,1600
2023,April,16,10145.86,68200.16,2398,492.36,5396.67,17545.48,994
2024,October,8,33555.94,89071.89,1309,262.22,909.79,299.08,697
2024,May,15,32836.86,31880.77,9538,539.72,6295.77,4133.83,3761
2024,January,8,34704.46,71212.71,978,121.19,3327.74,11424.91,4992
2023,February,20,12076.57,14237.25,1925,879.93,5197.95,4869.02,2962
2023,January,4,30426.74,95726.39,6241,691.52,5870.34,469.92,4239
2024,September,9,35148.98,53555.06,2554,647.3,7550.22,11495.26,2548
2024,November,11,37968.98,42601.1,8094,340.22,3167.03,8918.64,2583
2024,July,29,11571.89,22997.99,5136,811.9,9526.79,19232.9,3457
2023,September,17,8515.41,35114.72,5107,657.24,947.56,8700.57,3620
2023,October,3,38674.76,46095.06,6256,550.41,2082.76,15473.27,4562
2024,April,25,35753.43,45547.41,7747,551.4,645.96,18552.27,204
2023,May,19,35322.74,16725.76,8776,475.37,740.07,11510.49,3158
2023,December,9,23537.79,49684.11,2387,614.97,6899.91,3272.11,3616
2023,June,25,27197.85,26889.12,4808,135.21,1443.41,14344.57,3981
2024,November,15,13284.49,45391.92,5349,130.47,6987.95,16495.62,3969
2023,April,9,46104.25,95186.88,4213,242.79,7290.81,7215.48,867
2024,November,1,25740.9,91612.44,7597,390.98,2947.05,18626.53,3994
2024,September,17,11077.55,30528.68,4893,290.43,2394.16,10808.03,4846
2024,January,3,36949.87,33330.63,5143,158.91,6008.39,17386.7,3955
2023,January,14,7639.47,25109.05,2842,935.41,9801.96,13989.73,409
2023,March,23,11949.04,95566.85,630,367.96,613.18,16738.73,691
2023,August,7,31062.37,12684.15,2515,623.83,7964.62,10021.67,4030
2023,July,27,14447.03,17102.25,2976,911.01,8664.71,16006.98,4841
2023,February,18,40411.03,17790.23,7181,485.46,4750.45,7335.2,480
2024,April,22,30750.67,94109.18,238,798.88,6576.4,15752.73,3369
2024,October,24,5538.83,17861.21,9423,275.5,1835.41,8747.19,2969
2024,September,22,47511.48,29639.68,5644,624.7,3496.45,6501.12,1696
2023,March,4,21596.92,89149.06,1001,743.3,4109.73,8684.77,4893
2023,October,26,17588.78,89054.55,3498,221.72,5961.31,17105.12,893
2024,October,27,4589.0,65845.05,8882,896.42,5516.45,8265.58,4594
2023,April,25,39249.8,16140.68,6278,697.56,7451.27,4756.53,293
2024,December,17,43466.81,84100.54,2322,947.32,3846.7,15328.73,825
2023,May,4,7038.38,69711.34,5780,498.16,2827.08,15017.37,2760
2024,December,19,36397.88,39424.97,8865,753.41,6924.93,8075.55,1568
2023,July,2,27473.11,22743.13,7447,335.18,8184.78,15577.88,2650
2024,June,27,11481.95,46326.74,4260,781.93,3135.14,10053.35,336
2023,April,11,6243.83,73905.08,4643,628.28,4003.7,975.23,406
2024,June,12,38677.0,53604.5,2667,573.78,4970.16,13105.74,2179
2024,November,10,41453.54,23010.78,305,174.16,8066.43,13188.12,4956
2023,March,4,24354.6,21119.18,6883,232.27,9255.95,11821.05,3638
2023,December,11,30046.61,38373.54,9971,609.17,465.3,3661.89,3650
2023,July,1,27311.01,16299.07,1153,412.54,835.4,14306.71,3916
2024,August,1,27995.5,77459.38,8376,658.24,4592.49,6255.68,1547
2024,November,1,23819.28,35298.94,1263,845.75,5320.98,10818.4,4240
2024,April,28,42047.39,86405.26,7422,931.89,2226.55,14553.05,1566
2024,February,10,14237.36,51628.76,8762,539.55,6130.94,14508.03,2774
2023,October,14,46963.87,42237.89,6845,884.51,6807.32,65.02,374
2023,December,12,45192.92,60977.89,970,898.28,7042.25,15302.4,4952
2023,January,14,38866.8,72490.18,3499,530.4,7055.6,5877.7,1766
2024,April,3,47009.47,42750.34,7514,688.85,8569.26,11673.78,2540
2023,February,13,39681.08,77030.87,8253,215.49,2026.06,15980.74,872
2024,April,30,25788.95,43475.8,7623,508.17,226.42,6594.36,2250
2023,August,8,42200.1,83291.41,6862,578.76,9671.53,8101.95,429
2023,December,22,4475.59,45076.54,5761,291.96,7315.72,9799.16,4783
2024,June,2,5724.21,98737.32,6615,121.6,9949.72,15228.41,3613
2024,May,19,34451.84,33059.68,2319,984.2,8132.72,4893.36,3315
2024,March,20,22484.18,95923.84,5304,437.16,5575.67,7294.13,4571
2024,February,13,37388.6,22587.45,7617,689.03,5904.98,15134.07,4457
2023,June,17,36936.72,87906.39,9689,452.03,2156.9,13781.22,4406
2024,December,30,2480.35,47763.98,5557,654.61,1538.57,5078.83,1957
2023,May,3,32742.65,16155.97,2377,762.84,1118.97,10533.27,1639
2023,June,16,48193.11,56254.83,1386,403.8,2760.32,10007.1,2029
2023,March,3,45150.04,83595.52,7322,735.32,2583.29,16550.29,4855
2023,June,27,30452.63,80978.93,9765,694.84,2490.53,3239.22,2993
2023,July,23,8734.67,93281.95,8894,709.6,3301.44,3652.73,225
2024,May,12,8232.91,98530.87,2135,539.84,1739.6,15101.57,2784
2023,March,19,16221.47,98849.6,3217,717.81,6028.7,12570.5,4278
2023,February,2,15941.85,38177.21,9250,783.83,2361.5,4044.63,710
2023,March,7,19234.12,47727.19,7429,404.24,8938.62,14645.81,3833
2023,March,7,24088.69,44760.06,3515,328.12,5074.56,7376.05,2024
2024,March,5,35000.09,83505.25,9127,300.96,4399.16,269.47,1077
2024,August,22,18541.18,83757.11,4310,791.62,6259.9,13748.48,177
2023,October,19,13986.56,46337.74,4551,316.35,5994.46,4947.47,3761
2024,July,20,10518.77,87338.98,1120,411.66,6255.65,11650.12,979
2024,April,13,19416.75,65884.32,6247,672.69,9565.04,17385.48,3989
2023,November,24,44565.34,23567.18,7641,165.39,2319.21,1176.61,3973
2024,June,14,22215.13,82980.94,8324,837.52,7002.19,11716.91,2134
2023,February,5,39644.13,50710.29,5131,621.48,3988.33,18003.94,3087
2023,March,16,47035.29,38691.0,3699,740.68,6044.02,12904.29,232
2023,September,5,35135.23,85249.73,4810,466.34,3409.85,7612.1,2760
2023,May,30,22680.22,14174.47,5458,793.07,7388.4,13503.13,702
2023,June,12,42242.66,71983.78,7246,972.9,4858.96,12108.67,1111
2024,October,17,9324.98,85971.68,302,691.63,457.71,13599.91,3044
2023,October,14,5331.45,83214.71,8673,810.41,3784.07,16906.02,1996
2023,May,16,28566.88,38821.48,9866,587.74,2124.17,9248.54,3007
2024,December,18,32284.4,53687.02,3538,317.58,8461.98,15533.02,3783
2023,March,15,22462.75,12262.12,6589,268.19,8800.51,6864.41,1049
2023,May,30,4119.35,35480.66,4283,151.95,4673.49,15419.12,3471
2024,February,29,5330.4,76840.14,8051,391.11,6050.01,17328.19,4045
2024,December,23,16787.27,43965.1,7281,249.97,9552.23,691.05,4930
2024,June,7,35096.57,31597.94,3388,142.7,4540.24,10247.15,3110
2024,August,20,13611.73,52359.09,6613,336.76,9951.14,18244.29,1229
2024,July,22,45133.28,72758.94,49,531.56,987.62,7285.55,4601
2023,April,18,3846.4,74489.99,6177,773.45,2943.04,19391.97,3411
2023,December,19,31510.24,82899.2,8480,897.24,4413.92,6048.94,4273
2023,November,19,9628.19,73286.43,216,510.44,1046.87,4313.16,3798
2024,November,4,33133.75,53167.46,9827,232.43,836.28,4661.15,1838
2023,June,24,47620.1,70403.64,4437,259.91,1071.27,11362.43,4705
2024,September,13,2110.79,78328.66,4663,202.56,3235.19,17945.55,4402
2023,November,29,37225.96,50132.63,9539,995.56,2743.93,6392.34,2765
2023,November,12,40289.21,20053.89,9868,390.93,9761.34,2539.11,2585
2023,October,12,16281.11,15272.02,4415,155.16,2172.66,10743.55,941
2024,September,9,16136.55,91994.97,127,501.08,5115.43,18934.1,4207
2024,April,29,38920.29,92970.1,7749,351.22,1956.73,4090.73,109
2024,August,14,47307.37,89935.55,7803,949.52,9039.75,1022.74,3240
2024,October,8,9128.48,12141.86,2677,933.33,5996.22,4893.21,2454
2023,June,23,18153.29,41429.45,9185,504.63,6521.23,2568.1,2578
2023,September,17,30087.65,76855.26,472,103.59,607.35,1625.98,4916
2023,February,8,46535.89,21610.29,2831,667.39,1833.72,9672.47,2651
2024,October,29,11849.74,53410.29,6223,487.22,350.36,495.77,4302
2023,July,11,14859.27,28783.62,434,997.41,7379.76,17720.5,3180
2023,June,13,27524.3,14558.76,1487,281.69,9046.98,7226.08,4374
2024,January,29,37739.7,79234.88,4204,171.17,7885.47,16490.17,2658
2023,December,30,33735.34,50857.11,9640,520.21,6538.58,15496.94,4263
2023,August,30,10339.27,97746.86,3435,870.42,5263.92,14442.92,350
2024,August,1,34028.51,20133.63,4179,896.54,501.99,8308.39,3193
2024,April,9,47279.95,86374.86,710,989.9,7544.24,13908.06,4174
2024,September,16,10227.63,52241.37,3461,161.96,9761.13,15841.87,4093
2023,April,9,20273.37,18825.13,5483,565.75,9273.97,7602.2,2967
2023,April,16,15152.98,29154.45,506,129.27,7400.74,5118.53,1986
2023,November,10,48957.68,97375.35,3883,960.22,3063.96,8318.3,3238
2023,September,16,24088.52,59696.05,2204,680.68,230.64,5480.76,2847
2023,July,8,24300.82,98668.62,2104,199.86,4171.52,3856.35,4994
2023,May,19,29461.38,51050.12,1007,972.15,7319.08,6720.74,1294
2023,December,4,27690.23,69380.49,4189,452.95,806.97,1201.78,413
2023,December,3,8393.25,75274.12,2270,163.91,788.41,19588.86,234
2024,June,27,8034.72,55723.77,6261,151.25,1584.84,406.57,1903
2023,June,13,16166.14,31182.78,1649,109.07,1767.78,9219.9,2506
2024,September,2,12969.19,43739.87,1685,925.21,6186.26,7888.64,2867
2023,October,20,8917.41,71575.12,163,659.88,3586.22,11483.18,4389
2024,July,9,12225.47,82745.77,1143,885.09,2853.77,8382.61,1272
2024,November,15,24747.63,66733.44,1689,738.18,8384.87,17334.03,2972
2023,May,3,4000.8,84932.16,9019,721.5,3116.53,2358.43,1692
2024,July,20,47240.95,18752.01,3968,991.23,1397.26,7941.92,247
2023,October,20,16800.56,82773.32,5769,429.64,8293.22,10914.79,1866
2023,February,2,49267.02,21885.4,2092,944.11,5278.77,15126.22,1973
2023,January,13,35222.61,49014.97,8695,241.79,3807.39,6577.83,1066
2023,December,4,38840.16,36577.46,9750,122.58,1400.42,4598.24,4715
2023,June,18,46144.58,38789.31,1543,471.34,9396.61,14395.89,4894
2023,March,27,19435.73,29851.0,9823,898.15,6089.27,9565.54,543
2023,July,22,29595.79,47530.91,5211,786.3,8778.37,2034.08,4887
2023,May,3,35642.22,62204.35,9149,340.25,9047.16,18332.74,1671
2023,July,3,32746.07,26677.77,5859,678.99,4179.14,15629.84,3690
2023,January,10,12436.1,91447.09,1581,685.64,3401.08,9088.72,4624
2023,August,25,32568.7,59087.21,6269,246.77,4763.82,5160.69,4537
2023,November,11,24219.55,62180.09,5823,699.75,6366.51,18745.37,3287
2023,December,24,42961.45,28084.63,4109,860.98,8669.13,4290.91,1046
2023,January,11,46642.92,53360.05,2708,571.95,9842.42,2751.21,2851
2024,December,27,40513.2,54401.2,5540,886.92,539.95,11749.59,3484
2023,January,14,43956.95,76636.8,7521,510.32,5679.96,16271.79,3196
2024,October,8,24799.6,38634.32,3692,871.03,9194.27,7188.74,3199
2023,October,14,44783.22,34697.94,2247,999.25,5633.35,4032.08,4299
2024,February,28,9355.02,89717.45,2627,782.88,970.11,3749.97,4458
2023,May,12,15433.29,60849.95,542,695.28,7168.75,6071.44,2169
2023,November,2,21722.43,94292.45,6386,165.39,244.92,2604.13,921
2024,September,20,46030.35,30374.86,4323,569.99,6063.86,11669.83,353
2024,December,10,36033.57,32436.06,9863,705.91,4711.08,10358.58,1525
2024,September,3,46429.28,96823.54,4358,105.06,2700.31,16467.37,2466
2024,April,1,14737.5,60763.2,601,642.02,2816.35,10012.48,1779
2023,November,21,14498.24,88356.81,8134,575.9,7960.7,18350.77,3104
2023,June,13,12992.95,74105.81,5291,524.38,7666.24,3953.98,394
2023,June,29,5799.8,64437.79,2094,566.27,3504.75,14496.37,3339
2024,August,23,49287.61,49551.19,4083,904.97,1559.64,6849.2,2505
2023,March,28,40876.53,35966.24,6328,428.31,4826.23,11859.61,1798
2023,May,20,11413.84,15384.59,2985,624.4,781.05,8869.12,1318
2024,January,17,24557.8,64741.85,3594,716.74,9899.97,4615.8,4364
2023,January,8,7199.28,68797.79,7214,274.96,322.14,5300.26,4185
2023,April,19,33000.54,54073.09,2587,895.88,8975.49,6953.54,3978
2024,May,30,28532.71,38941.84,4237,131.87,8249.7,9238.43,198
2024,January,19,17721.76,36267.53,239,765.22,6193.31,17810.71,4727
2024,January,25,15076.64,45675.94,831,827.58,8905.65,5267.54,3191
2024,February,6,15958.1,55579.59,175,516.46,3890.15,5506.17,2674
2023,July,2,3933.36,50427.56,2877,240.26,2418.96,6732.15,800
2023,March,16,3170.07,95241.84,7519,123.25,237.13,7231.34,1303
2024,February,7,9102.36,96588.03,5568,870.57,5960.01,17658.18,438
2023,March,18,22338.76,11465.17,7317,280.0,2500.57,13534.41,3652
2024,March,20,13994.57,78953.58,8890,677.22,7709.14,6917.77,1548
2024,December,16,44180.1,34771.76,1932,956.61,6866.61,2934.47,3850
2024,July,7,27670.91,50556.52,4029,447.92,3634.28,1433.58,1128
2024,January,18,15648.11,46139.8,2385,662.81,455.7,10344.92,1065
2024,February,6,18373.78,12956.85,5473,151.04,6382.04,15128.03,2786
2024,February,4,40710.83,93526.59,8906,847.9,7065.39,14603.06,1634
2023,October,27,32938.95,11646.28,8877,289.15,8152.15,16278.28,2533
2024,March,16,27544.75,46432.32,5832,250.0,7488.23,16618.67,4025
2024,September,26,14207.39,65446.07,144,210.53,2485.71,16717.73,394
2024,October,3,12711.22,12267.04,33,954.83,9806.6,9735.8,4457
2023,September,23,43726.64,81342.0,6216,279.4,8617.54,14693.98,1000
2024,February,20,10390.49,37524.31,9513,995.76,1546.43,10672.64,3987
2024,August,19,27281.03,15071.01,8038,517.0,9555.79,19252.44,1110
2024,April,4,36923.52,51423.92,9706,894.95,1459.03,11345.93,3016
2023,August,21,11788.33,38966.26,4347,764.04,6991.68,15381.85,3126
2024,January,7,10412.31,71609.2,4386,410.03,3172.06,5949.43,2816
2023,July,25,43649.02,93219.23,6336,280.22,7637.38,16464.34,4098
2023,October,12,9667.04,19340.91,9721,404.25,5827.85,16143.74,204
2024,November,21,7674.02,14965.61,660,420.01,6534.9,1019.23,666
2024,December,7,46281.64,74068.51,6277,723.66,1912.18,10720.97,3497
2023,July,4,40065.18,33315.53,3801,986.72,541.63,4354.17,3702
2024,March,19,8291.66,63071.69,3737,999.1,5595.71,15162.87,3844
2024,June,9,5325.25,53105.04,2714,159.37,9268.58,11609.31,4241
2023,January,19,1069.1,68395.08,6965,445.3,2582.83,7018.59,1174
2024,October,18,8152.18,62694.27,6133,748.94,5823.69,6047.77,852
2024,August,30,30239.55,68312.61,4404,467.45,825.6,9166.04,1903
2023,July,30,12526.89,93300.37,2195,209.85,4837.35,12485.7,3188
2023,September,12,17265.73,96843.63,7474,171.35,5611.49,8169.13,4266
2024,November,19,46731.07,25039.76,3356,861.26,9386.72,15322.96,3679
2023,July,6,42548.53,14312.16,6285,345.08,2700.89,18592.13,2794
2023,June,13,14476.6,51578.12,3327,895.35,5801.82,11175.79,2295
2023,November,5,4198.5,31044.19,3004,483.19,1068.71,14261.0,4296
2023,August,19,17059.38,52137.1,5182,367.38,8142.71,11014.87,1454
2023,September,12,43460.85,87541.77,6703,580.01,6895.16,5997.83,1143
2023,October,15,41949.07,41037.61,7597,987.45,2157.81,8550.68,2641
2024,January,8,25210.24,17563.6,6407,768.14,8717.83,1046.04,2495
2024,August,29,13274.82,11393.74,6378,968.58,1820.83,16337.22,372
2024,October,18,10298.04,60306.02,3970,697.22,2298.29,18295.29,592
2023,November,29,42417.18,30945.02,974,746.64,4826.76,11364.55,1694
2023,June,23,7501.38,27305.87,3120,321.34,1414.58,12536.24,890
2024,June,11,39479.18,81812.05,734,200.07,7564.35,2756.17,2100
2024,June,8,29306.72,34815.77,8308,731.84,3384.52,13443.79,2391
2023,September,29,41734.64,37813.14,4927,191.87,7925.45,15357.4,2916
2023,November,22,15048.24,68645.0,5749,916.21,7616.71,1904.14,1922
2024,July,19,23602.11,95057.14,9230,419.2,1107.21,7841.4,3171
2024,December,3,10645.11,60461.54,7931,456.09,7465.66,1576.76,3200
2024,June,5,19885.6,19023.48,9498,592.82,3375.65,12356.09,4193
2023,January,27,18085.87,21854.05,3897,739.08,4994.74,11438.16,2445
2024,October,10,25287.02,98878.54,9244,606.12,7720.29,5656.47,2851
2024,August,19,49111.5,60517.88,6736,443.71,7697.34,9089.22,4920
2024,May,18,11783.03,78683.77,9966,631.87,4250.83,472.48,2462
2024,January,15,32672.35,32705.23,4829,360.62,9848.03,11633.54,101
2024,July,30,42403.16,62332.3,3230,308.09,8962.83,5301.34,2232
2023,September,22,13023.66,67639.74,7813,738.84,2392.6,8701.77,2801
2023,June,20,19907.53,81465.55,3514,967.98,5938.02,6366.89,2885
2024,August,25,3027.26,51628.23,3107,535.35,585.6,9315.07,3998
2023,September,13,13387.95,83290.64,6222,836.2,5361.64,13976.98,2729
2023,January,22,6892.68,53272.23,5543,810.56,8151.92,16848.23,1194
2023,August,28,44761.73,88171.85,9067,655.19,672.76,13641.29,3421
2023,February,15,49443.81,54847.1,4029,333.55,2438.71,9232.45,3150
2023,January,19,31856.47,53496.7,4620,571.48,688.76,6486.7,4661
2023,April,13,23690.17,72576.98,1626,309.51,7997.81,7940.89,3026
2023,November,25,20086.15,97336.17,1286,349.15,9307.8,7302.91,3837
2023,December,19,29429.12,75633.19,1331,654.74,3435.76,685.89,4869
2023,April,19,11678.8,27678.92,6738,428.87,1637.05,675.5,2928
2023,April,1,23542.74,78891.06,9844,214.25,3878.33,14479.57,1944
2024,January,4,10957.26,20895.37,6361,140.09,5933.78,12584.6,509
2023,May,18,17643.9,39687.69,6528,678.72,1419.58,9975.21,169
2024,June,8,930.52,74006.72,1050,127.82,7913.61,1204.95,1786
2023,November,7,24766.0,45843.52,4627,696.31,8216.1,19728.11,1145
2024,May,15,2027.64,30620.91,4415,379.59,4780.81,11630.76,409
2023,November,29,37182.99,61474.94,4362,797.25,4731.04,4896.67,302
2024,March,4,21501.48,83659.38,9839,176.75,4792.5,8580.67,1157
2024,February,4,15551.64,33323.87,6991,402.23,7374.74,15228.91,3958
2024,January,2,44963.73,82890.36,6117,552.03,3875.37,14966.59,4989
2023,February,14,5779.65,24211.61,2286,299.37,6289.67,104.71,4267
2024,May,2,48888.59,98178.08,8226,204.41,2409.4,1901.63,3415
2023,June,16,30891.99,98790.48,9211,608.47,9707.61,15353.28,4873
2023,June,4,16642.72,45134.44,4511,634.63,9586.12,10490.86,1245
2024,August,23,42840.22,22151.58,9727,630.37,6193.49,10967.55,1418
2023,May,20,11252.31,37753.53,6951,472.81,3007.59,5795.56,3668
2024,June,21,41016.9,31578.11,3334,642.18,5345.21,19732.33,933
2024,September,13,9927.35,69836.47,1581,619.75,9012.0,18120.9,4294
2023,July,17,11775.19,99485.73,4667,752.18,6386.26,17766.03,4332
2024,October,1,15973.91,61033.27,9850,451.72,5324.84,19996.07,4323
2024,June,6,32683.96,80627.7,3714,323.03,5952.1,12937.9,4603
2023,April,4,32093.48,80609.8,1186,961.16,3040.37,10207.47,4031
2024,June,2,30591.37,71566.59,9770,767.98,4882.95,19363.78,1121
2023,April,29,18022.4,21454.26,1198,778.76,3848.97,940.04,4319
2023,May,29,23229.18,86962.69,1730,540.83,4074.56,12271.4,4128
2023,October,1,19530.0,34751.17,5934,780.33,4671.42,5625.54,4488
2024,September,9,5962.51,35142.42,8678,837.04,3511.36,12384.31,1641
2023,May,16,14891.2,28470.56,2276,927.1,4612.16,9529.05,2631
2023,October,12,18404.27,83868.92,5488,334.46,4144.96,19740.01,3472
2024,May,1,4824.7,13405.41,9881,918.0,3836.34,5561.25,3021
2024,August,10,10656.51,44895.34,9530,516.72,8119.17,4548.72,1650
2023,April,17,21323.87,40378.28,394,880.58,7092.38,15293.44,819
2024,December,12,44573.8,93220.84,9993,574.16,6744.84,12679.92,2150
2024,November,21,38841.49,50785.46,1199,593.04,7963.85,11159.41,3350
2024,June,22,2618.1,76672.01,4599,278.1,6690.17,14065.36,2209
2024,February,29,6116.76,95120.23,2475,874.1,7427.33,3748.97,4657
2023,June,19,2209.34,42367.65,7835,662.06,7703.22,19685.02,2486
2024,January,3,34898.23,18455.96,6735,747.87,2390.12,17178.76,3860
2023,February,26,11727.25,50999.77,4562,263.13,1393.69,18138.76,2272
2023,April,24,8287.41,78076.14,8300,656.35,8459.29,10923.6,3326
2024,March,6,17130.02,29179.21,1345,584.01,8508.72,18220.99,3312
2024,June,29,37480.84,96251.17,3264,714.5,1296.61,12394.72,3005
2023,January,13,768.04,96577.58,4879,434.3,3206.28,16158.07,1241
2023,May,3,24476.48,47394.92,8422,143.35,7048.6,15768.07,2118
2024,November,28,14111.18,16751.13,3167,730.19,8089.77,4613.11,4852
2023,August,16,48387.79,71495.65,3075,658.67,7434.97,17164.3,1303
2023,October,11,6720.97,98772.68,7679,906.42,423.84,12140.49,2958
2023,April,21,31207.27,54438.01,9054,265.48,9228.98,2077.73,625
2024,November,11,48869.37,87694.38,5120,482.45,9015.76,14135.8,4661
2023,October,10,49104.21,58696.59,7217,594.62,2830.79,4413.15,148
2024,January,14,11319.43,53867.59,344,930.54,501.34,4251.83,2993
2023,April,20,37048.46,98835.59,1711,792.56,5263.21,15349.45,4129
2023,March,17,14748.76,52420.99,3480,949.64,9014.44,17856.83,2874
2024,September,22,2768.31,11015.11,4455,807.5,1325.25,14724.3,4666
2024,August,18,25918.39,72996.28,4152,961.96,8462.39,7489.36,611
2024,January,19,6853.21,21905.08,3041,641.49,9163.41,11716.36,4458
2024,March,8,11793.73,28498.78,8179,975.49,941.52,18519.79,1522
2024,February,28,43368.16,76537.79,1057,753.36,8875.96,17953.68,283
2023,September,5,28306.19,31119.76,5712,324.67,8149.53,15461.41,4595
2024,December,15,42367.84,37735.61,6629,573.67,513.43,672.91,695
2023,March,29,38357.88,84674.79,1438,571.16,9676.45,5564.02,4465
2023,April,18,12576.26,73139.15,7486,449.19,2480.76,18437.94,3400
2023,January,1,39036.49,41883.05,5348,252.42,7902.87,10819.09,230
2023,December,8,8218.77,88505.29,674,178.11,6169.7,12451.65,4378
2023,May,23,46053.2,91832.05,8587,861.74,5356.73,11067.31,1666
2024,March,4,33228.3,50421.32,5996,899.72,9351.3,7131.95,2592
2024,June,17,28968.76,11039.93,9237,348.31,9628.24,4974.83,4468
2023,March,16,25915.03,27673.36,4770,837.79,8606.12,7162.01,1908
2023,June,21,21599.66,27212.81,1115,692.78,4718.97,2032.55,2774
2024,December,12,7313.91,88297.2,9789,746.73,7572.57,7576.83,4695
2023,March,6,28715.04,95776.58,3062,502.41,1861.83,4603.98,1661
2024,May,24,44256.1,78423.26,2696,141.51,4788.98,16457.61,4532
2023,December,19,10118.28,51557.78,7507,999.41,5031.97,17256.73,2858
2023,June,16,34865.85,84437.62,2861,977.24,3341.19,13581.0,4451
2024,December,12,26163.55,55440.98,6902,347.69,5276.24,19061.72,3006
2024,May,10,24338.37,22426.67,2219,909.88,6505.81,19461.33,3260
2024,November,11,29402.08,13837.32,3638,641.88,6673.65,8670.55,2759
2023,June,11,49820.06,71267.41,4037,967.39,3624.84,4556.94,4138
2024,February,16,3328.45,47140.38,4020,168.47,3633.79,13703.0,2009
2024,October,27,49931.89,13715.48,6054,799.15,8278.67,7687.66,3664
2023,February,10,11610.54,47302.95,8640,113.69,1491.09,10024.94,278
2024,August,18,34703.02,26258.78,3856,223.41,4404.41,18194.53,2026
2024,August,7,2233.87,84704.79,1701,531.48,8225.48,17105.74,2004
2023,October,7,25924.33,70818.18,9156,364.0,489.77,14728.86,716
2024,November,2,28185.77,11990.78,414,260.32,6928.64,18741.41,4283
2023,November,2,40850.78,96829.97,4343,101.53,624.73,3583.54,3532
2023,October,14,19176.33,69647.69,2355,588.85,8268.83,18983.66,3367
2023,August,7,40543.52,89598.19,5631,702.27,8695.13,18270.82,901
2024,August,17,1669.13,20311.71,8566,360.31,6224.91,6529.08,4206
2023,November,26,45740.64,17863.53,7452,237.19,8938.68,1382.74,1016
2024,September,23,43147.23,93475.8,7274,114.28,8890.06,19844.27,2486
2023,October,29,29017.13,81102.49,5619,807.61,4442.73,12527.11,4649
2023,September,25,37083.88,76060.35,8904,900.76,9387.12,14527.37,3420
2023,December,7,34167.47,19561.73,2835,849.27,1421.77,10661.07,4930
2023,June,19,28883.19,33776.41,5649,345.1,5167.78,3790.16,1322
2023,August,26,33470.65,77614.47,9384,857.27,6115.26,940.8,464
2024,April,11,49578.31,57644.78,3230,732.98,7114.09,8963.9,2767
2024,March,1,49359.59,90209.77,812,673.73,2243.5,17383.6,3453
2024,September,2,44498.46,47206.97,5310,119.22,5911.34,3246.44,319
2024,August,12,9418.61,10976.29,2687,239.25,1723.2,6076.61,296
2023,February,22,1688.17,28844.69,8930,674.11,8678.05,16952.97,3898
2023,March,3,10952.03,66043.08,9098,377.52,5417.29,11472.17,3136
2024,April,28,12479.12,30791.51,669,557.34,4511.29,8744.72,658
2024,April,9,3288.3,34063.9,3563,850.23,5480.0,6255.37,3588
2024,November,18,5177.94,37256.86,1631,989.32,3609.14,15938.6,4729
2023,April,13,11172.42,77210.03,5842,360.72,8797.65,6045.3,3275
2024,April,10,12978.11,64015.12,209,303.57,2423.69,4236.28,4419
2023,August,7,8056.17,40622.14,1876,730.92,6115.09,10803.08,794
2024,December,8,5462.05,44779.79,8647,535.49,427.98,16673.53,4092
2023,April,9,24626.12,31924.63,1036,964.42,338.36,12615.78,3179
2024,June,8,47278.24,14764.35,9509,239.91,9887.19,2044.51,2803
2023,June,14,16197.12,70672.21,7055,173.82,9717.69,12835.67,4060
2024,February,28,27694.66,95867.73,3812,105.31,3655.39,10956.02,3802
2024,April,24,3357.84,81635.3,6980,939.72,9245.45,10140.43,2388
2024,March,13,18795.16,40534.3,3765,351.78,1631.88,6799.26,4019
2023,October,6,39757.32,19361.85,681,934.81,3431.09,5258.65,2899
2023,September,7,22694.21,27173.49,5675,654.81,5495.79,11650.78,2677
2024,May,19,30145.58,18476.64,303,762.9,1482.87,18198.98,1481
2023,February,12,40488.88,77708.55,6310,875.21,3654.56,19583.14,1926
2024,December,17,30118.08,25224.67,3439,240.23,7516.31,865.34,2716
2023,May,18,1822.57,34891.59,9588,253.51,9475.37,12798.79,698
2023,September,29,22838.74,70455.55,2140,505.04,6638.6,19521.7,4808
2023,January,4,27199.59,64589.33,5895,324.33,7632.03,243.47,405
2024,November,19,15574.33,49390.95,9501,282.18,6180.72,14516.57,1774
2023,September,7,46818.51,14470.5,3689,157.45,2738.84,16019.97,2566
2024,June,20,21110.44,70139.07,6344,703.72,6831.98,2697.26,2360
2023,May,29,46388.27,61010.46,3245,810.23,9982.93,15444.29,3673
2024,April,23,19879.28,19836.42,7628,594.07,2854.97,6025.89,2472
2024,February,5,49213.01,39876.34,4012,353.94,7168.5,15599.51,2591
2023,November,10,41599.73,48865.27,3544,876.92,2543.99,9427.26,984
2024,May,4,2168.09,60279.37,2906,269.26,3014.31,12520.29,2171
2023,October,15,13230.93,71701.29,54,240.09,7262.09,8072.59,2330
2023,August,28,27432.8,30272.26,6025,880.09,8563.25,14180.83,4543
2024,April,20,21071.85,76243.79,7976,666.14,9385.27,2786.86,3878
2024,October,19,29079.81,84404.71,372,436.32,4798.43,15357.2,3859
2023,May,6,41576.87,42350.21,5417,793.16,2452.82,19154.22,411
2023,July,4,28572.41,29587.99,5183,484.14,8830.37,4611.02,170
2024,December,4,15067.06,23486.7,6247,257.58,3161.45,15234.61,367
2023,September,28,21256.52,23184.11,6667,686.86,9901.96,1590.99,1309
2023,February,22,4079.57,35678.19,977,957.63,2479.87,13138.82,1035
2023,January,3,3148.68,96708.06,4806,363.15,9894.45,11059.82,2874
2023,November,15,11391.05,93078.09,763,692.97,2622.04,10943.23,2512
2023,August,18,28449.97,59815.27,4671,230.42,7980.01,15660.49,1598
2023,March,30,19409.82,74627.56,6664,940.0,9228.26,9523.2,3530
2023,January,22,48819.14,74091.7,9694,908.09,9770.21,19448.3,2851
2024,March,11,8518.78,58958.03,9873,818.83,6719.14,1221.07,301
2023,June,1,13086.15,44767.69,7709,610.67,6028.16,19728.05,3116
2024,May,24,42783.98,83927.95,6434,123.22,3819.39,18464.75,4244
2023,November,3,6877.66,75206.69,8496,974.77,3311.88,5059.82,3708
2023,November,10,11352.17,21744.72,3651,474.75,9906.84,12347.32,596
2024,August,11,20318.72,53535.37,7231,110.63,5931.83,11175.63,4713
2023,April,11,26721.25,75764.77,9571,895.55,9359.08,5268.25,3712
2024,August,11,41054.88,26328.55,2173,379.07,1038.09,4721.92,4019
2023,November,14,9486.55,25883.18,5072,963.36,6556.29,2935.25,1006
2024,May,10,40950.1,11322.5,4801,273.71,3566.67,16306.44,262
2023,November,25,14801.99,24511.94,726,457.08,3934.58,14939.18,4488
2024,June,13,35743.11,30020.73,2848,807.67,1205.05,15339.41,4409
2024,October,13,38301.5,57641.07,5828,564.43,6565.55,5868.1,2110
2024,March,28,35175.34,50251.96,4668,482.21,5560.79,2931.74,1514
2023,April,23,7764.65,78370.03,5100,390.37,4601.15,14509.52,4214
2023,March,30,10646.79,50271.23,2673,392.33,2540.43,147.35,726
2023,June,18,41621.42,62489.15,5253,402.24,1947.65,937.08,2238
2023,October,16,37921.96,93613.26,8520,816.88,831.55,2544.85,2638
2024,February,4,6815.98,68601.28,1338,829.75,7878.34,3454.24,4038
